{
  "minx": 328206.2066560557,
  "miny": 4694925.923570596,
  "maxx": 328923.1736560557,
  "maxy": 4696123.887570595,
  "res": 1.0,
  "nx": 717,
  "ny": 1198,
  "crs": "EPSG:32619"
}