{
  "minx": 324334.1896716651,
  "miny": 4693225.418363081,
  "maxx": 329354.549046654,
  "maxy": 4698393.16040713,
  "res": 5.0,
  "nx": 1005,
  "ny": 1034,
  "crs": "EPSG:32619"
}