{"-71.079889,42.395014": 3.866982937, "-71.084414,42.396857": 3.538239956, "-71.080930,42.394082": 3.688427687, "-71.085512,42.392540": 2.936192751, "-71.079898,42.395066": 3.738231182, "-71.084086,42.397475": 3.52048564, "-71.082547,42.396917": 3.436444521, "-71.079230,42.395985": 3.189186096, "-71.080001,42.393138": 3.356679678, "-71.079879,42.391620": 3.198370457, "-71.085625,42.395757": 4.827734947, "-71.085769,42.394856": 2.881119013, "-71.081361,42.395515": 3.056544781, "-71.083958,42.392792": 2.412134647, "-71.083957,42.394178": 2.166702271, "-71.086177,42.394393": 2.981310129, "-71.083879,42.395227": 2.888479233, "-71.086120,42.397680": 11.442911148, "-71.079619,42.390804": 2.687040329, "-71.083297,42.393397": 2.603379011, "-71.083899,42.396092": 2.940567017, "-71.085741,42.394941": 2.827314615, "-71.080130,42.393000": 3.474187851, "-71.083551,42.393880": null, "-71.080813,42.395973": null, "-71.086556,42.394588": 3.384546041, "-71.078713,42.393216": 3.708602428, "-71.081125,42.394687": null, "-71.085868,42.394892": null, "-71.080380,42.392825": 3.503629923, "-71.086724,42.393720": 2.839727163, "-71.084044,42.396387": null, "-71.079765,42.395035": 3.858903646, "-71.084193,42.397342": 3.443010092, "-71.083225,42.393152": 2.516424894, "-71.086900,42.395706": 4.705789089, "-71.079097,42.393867": 3.625845194, "-71.083158,42.392912": null, "-71.078736,42.393299": null, "-71.079679,42.395783": null, "-71.082708,42.391671": 2.387301683, "-71.080077,42.391033": 2.879532099, "-71.079040,42.395198": 3.739757538, "-71.080482,42.394916": 3.699495792, "-71.079528,42.394108": 3.669452906, "-71.083567,42.394897": 2.646344423, "-71.080046,42.395927": 3.629145861, "-71.080979,42.394140": 3.71630168, "-71.083082,42.397299": null, "-71.079965,42.391632": 3.255942583, "-71.080272,42.393989": 3.321275473, "-71.079542,42.394145": 3.687285662, "-71.087182,42.396905": 12.065628052, "-71.083829,42.392797": 2.241072178, "-71.078409,42.389798": 2.640758038, "-71.083168,42.397171": 2.938524485, "-71.080776,42.393418": 2.991417885, "-71.078700,42.395764": null, "-71.079255,42.393223": 3.655422688, "-71.084091,42.392958": 2.443388939, "-71.085680,42.395740": 4.827734947, "-71.079766,42.395089": 3.739023685, "-71.086230,42.394349": 3.266156912, "-71.080864,42.395914": 3.18778944, "-71.080488,42.390703": 2.842647552, "-71.087297,42.396954": 11.951848984, "-71.079238,42.391812": 3.315002203, "-71.085577,42.395701": 4.379150867, "-71.085909,42.395055": 2.898825884, "-71.079359,42.394816": 3.61592865, "-71.085935,42.394984": 2.821171522, "-71.085341,42.392365": null, "-71.085779,42.395141": 3.122861862, "-71.082328,42.392677": 2.32027483, "-71.085307,42.398373": 3.595493555, "-71.082360,42.392778": 2.330005407, "-71.079015,42.393880": 3.626519918, "-71.085386,42.396449": 9.487569809, "-71.079025,42.395146": 3.819757462, "-71.084183,42.393262": 2.506271601, "-71.078883,42.395827": null, "-71.079263,42.394492": 3.594777346, "-71.079346,42.391923": 3.411270142, "-71.078554,42.392025": 3.414722443, "-71.079232,42.393135": 3.701451063, "-71.079190,42.394500": 3.601106644, "-71.079238,42.395929": 3.449186087, "-71.085440,42.396326": 9.056891441, "-71.081387,42.392926": 2.749245882, "-71.080199,42.395034": 3.581732035, "-71.079279,42.394826": 3.63312006, "-71.080325,42.392962": 3.563934803, "-71.080188,42.391401": 3.229948521, "-71.079780,42.391371": 3.14162612, "-71.080903,42.394839": 3.706462622, "-71.084220,42.393990": 2.296489239, "-71.078611,42.392101": 3.328146219, "-71.085924,42.394929": 2.725733042, "-71.080867,42.390428": 2.965727806, "-71.079599,42.395466": 3.565708637, "-71.085464,42.396439": 9.892572403, "-71.079004,42.393535": 3.61402154, "-71.086064,42.396026": 9.014343262, "-71.080282,42.394043": 3.419827461, "-71.081113,42.396144": 3.462071896, "-71.078926,42.393552": 3.61402154, "-71.080225,42.394959": 3.918755531, "-71.085219,42.398344": 3.659361601, "-71.085684,42.395651": 4.360890865, "-71.087237,42.394063": 2.649335384, "-71.086858,42.395769": 4.700439453, "-71.086201,42.397718": 11.44000721, "-71.085370,42.392528": 2.863754749, "-71.085514,42.392668": 2.956785917, "-71.080735,42.394106": 3.677770376, "-71.081486,42.395962": 3.463523388, "-71.087244,42.396953": 12.131849289, "-71.080599,42.392788": 3.504343987, "-71.080029,42.395868": 3.782717943, "-71.083388,42.393936": 2.396876335, "-71.086857,42.395715": 4.660439491, "-71.080436,42.393089": 3.357346296, "-71.082875,42.392636": 2.202949762, "-71.079439,42.393115": 3.717162132, "-71.080812,42.390465": 2.813633204, "-71.078740,42.391999": 3.395427465, "-71.079321,42.394805": 3.713119984, "-71.083290,42.393911": 2.041383982, "-71.081469,42.392819": 2.796012402, "-71.086398,42.398375": 6.937889099, "-71.086404,42.397095": 16.588937759, "-71.084515,42.396720": 3.554940939, "-71.080750,42.393875": 3.582727432, "-71.079859,42.391251": 3.104443789, "-71.087210,42.397701": 14.202586174, "-71.080863,42.395955": 3.267789602, "-71.079841,42.391332": 3.081500053, "-71.083181,42.393181": 2.511994362, "-71.080502,42.393001": 3.490645409, "-71.086524,42.396320": 10.742605209, "-71.078743,42.390131": 2.823981047, "-71.087114,42.396770": 11.646146774, "-71.085863,42.393185": 3.175919771, "-71.079907,42.395059": 3.738231182, "-71.086118,42.397693": 11.202911377, "-71.083943,42.395634": 3.199447393, "-71.085968,42.397628": 10.769389153, "-71.078752,42.395812": 3.407107592, "-71.080787,42.394946": 3.683424234, "-71.078984,42.393456": 3.669095993, "-71.087124,42.394098": 2.854915857, "-71.084286,42.393290": 2.540302753, "-71.082759,42.391941": 2.223358631, "-71.080356,42.395033": 3.673580885, "-71.078967,42.395197": 3.765721798, "-71.086709,42.393829": 2.94426465, "-71.082656,42.396961": 3.282683849, "-71.079057,42.393855": 3.705845118, "-71.083359,42.393971": 2.27687645, "-71.079403,42.395963": 3.335039377, "-71.079834,42.391342": 3.061500072, "-71.087141,42.396779": 11.606146812, "-71.085614,42.397346": 10.606228828, "-71.079262,42.390641": 2.944719553, "-71.083314,42.393658": 2.47944808, "-71.079877,42.391353": 3.101500034, "-71.082952,42.392702": 2.232622385, "-71.086120,42.396022": 9.179948807, "-71.082994,42.392304": 2.433819771, "-71.083113,42.393007": 2.444190741, "-71.080877,42.394334": 3.943952322, "-71.080342,42.395024": 3.653580904, "-71.080516,42.392769": 3.62907815, "-71.085814,42.395128": 3.002931595, "-71.085818,42.397953": 7.843764782, "-71.080379,42.393983": 3.375976324, "-71.085877,42.395023": 2.858825922, "-71.079860,42.391329": 3.081500053, "-71.082929,42.392702": 2.212622404, "-71.080072,42.395889": 3.674492836, "-71.085910,42.394999": 2.761171579, "-71.084206,42.394060": 2.28617239, "-71.078884,42.393223": 3.776262999, "-71.079508,42.393124": 3.765375614, "-71.079844,42.391041": 2.906672239, "-71.079835,42.391247": 3.084443808, "-71.079596,42.395966": 3.472554922, "-71.085247,42.397086": 10.36972332, "-71.080730,42.393952": 3.579334974, "-71.085894,42.394916": 2.745733023, "-71.079655,42.395577": 3.619722605, "-71.086091,42.394365": 2.900758982, "-71.078997,42.390438": 3.024945259, "-71.083383,42.393980": 2.337028503, "-71.085194,42.398360": 3.614705801, "-71.079867,42.391209": 3.118068695, "-71.078599,42.392082": 3.3481462, "-71.085842,42.397935": 8.103765488, "-71.083175,42.393002": 2.524190903, "-71.079534,42.393066": 3.737136126, "-71.079847,42.391368": 3.081500053, "-71.080165,42.391646": 3.499502659, "-71.079997,42.391231": 3.139030218, "-71.080271,42.393048": 3.469596863, "-71.081032,42.394891": 3.734149694, "-71.079874,42.395903": 3.696875572, "-71.080281,42.392989": 3.523934841, "-71.079861,42.395041": 3.746982813, "-71.083884,42.393481": 2.285221577, "-71.078931,42.393440": 3.669095993, "-71.080508,42.392881": 3.580820084, "-71.084239,42.397413": 3.625127792, "-71.086648,42.398214": 9.457575798, "-71.083064,42.397216": 3.008639574, "-71.085287,42.392355": 2.739129543, "-71.078841,42.390281": 2.959019899, "-71.080070,42.391388": 3.243394852, "-71.080605,42.392897": 3.520205259,